scenario_id,label,success,failure_reason,hover_height_cmd,landing_height_m,wind_speed_cmd,wind_dir_cmd,mean_wind_speed,max_wind_speed,mean_abs_roll_deg,mean_abs_pitch_deg,mean_abs_vz,max_abs_vz,mean_tag_error,max_tag_error,final_altitude,final_abs_speed,final_abs_roll_deg,final_abs_pitch_deg,final_tag_error,stability_std_z,stability_std_vz,stability_std_vz_osc,touchdown_accel_rms,contact_count,mean_imu_ang_vel,max_imu_ang_vel,mean_imu_lin_acc,max_imu_lin_acc,max_contact_force,arm_force_fl_mean,arm_force_fr_mean,arm_force_rl_mean,arm_force_rr_mean,arm_force_imbalance,final_state,landing_cmd_time,launch_pid,launch_log,exception_message
1,stable,1,,1.72583129912084,-8.96008442285228e-10,2.28621733203681,-128.378229540885,2.26827669143677,2.41994380950928,0.276970892610744,1.18824360053968,0.373094203062617,4.46458221319169,0.270642038572119,0.3169188241616,-8.96008442285228e-10,0.000457094633417766,9.20762351814954e-10,2.41414579037831e-09,0.315841485578756,3.30452092889002e-07,0.000605676557979389,1.0506309069135,1.87171429889673,0,NaN,NaN,NaN,NaN,NaN,NaN,NaN,NaN,NaN,NaN,0,5.69752,724081,/home/j/INCSL/IICC26_ws/src/sjtu_drone-ros2/matlab/logs/autosim_launch_s001_20260310_212916.log,
2,stable,1,,1.50099296590205,-2.23438402598421e-06,2.22195985731923,-129.610816478481,1.66447022983006,2.43532299995422,0.252851940281295,1.16583839675531,0.376966912814179,4.47433143080049,0.245565037812229,0.292016440027779,-2.23438402598421e-06,0.00296028746390488,0.000873203011077984,9.03324016413443e-05,0.292016440027779,1.36160333652295e-06,0.00276281119129296,1.02723247052706,1.82643294083229,0,NaN,NaN,NaN,NaN,NaN,NaN,NaN,NaN,NaN,NaN,0,4.765807,731202,/home/j/INCSL/IICC26_ws/src/sjtu_drone-ros2/matlab/logs/autosim_launch_s002_20260310_213003.log,
3,stable,1,,1.77950775629072,-4.69891665958753e-07,2.04956450370281,-125.863615402382,2.76860245068868,2.93672466278076,0.310198107803526,1.2559642877206,0.396657342378079,4.34709429174146,0.299848620224926,0.344188691515905,-4.69891665958753e-07,0.000468995942765417,4.05619428468179e-09,0.000268713707636338,0.344188691515905,2.83715653031552e-07,0.000602193390874976,1.08537322623639,1.80298840966926,0,NaN,NaN,NaN,NaN,NaN,NaN,NaN,NaN,NaN,NaN,0,5.008422,738316,/home/j/INCSL/IICC26_ws/src/sjtu_drone-ros2/matlab/logs/autosim_launch_s003_20260310_213048.log,
4,stable,1,,1.84725472891026,-8.9750831261146e-10,2.12739079776943,-126.69649020167,0.832702553272247,1.16667723655701,0.202946688249387,0.955944545190198,0.289055674255314,4.24852195599251,0.217234356777614,0.231296524377651,-8.9750831261146e-10,0.000716662840497685,8.15045572105071e-11,3.1669123402574e-09,0.231296524377651,2.49224021388629e-07,0.00053351963394448,1.06249340186213,1.76525731528463,0,NaN,NaN,NaN,NaN,NaN,NaN,NaN,NaN,NaN,NaN,0,9.27683,745439,/home/j/INCSL/IICC26_ws/src/sjtu_drone-ros2/matlab/logs/autosim_launch_s004_20260310_213134.log,
5,stable,1,,1.74958601961534,-5.67589509052546e-07,2.1955957799872,-126.763678660992,1.16593931402479,1.34677147865295,0.0745041326592391,0.154540083587048,0.334660268419342,4.34666372311279,0.165195471007334,0.192578990650394,-5.67589509052546e-07,0.000566696446880683,0.000324690461845369,4.03769240686352e-09,0.137312855463821,2.18451781493756e-07,0.000319576987562601,0.961391360444293,1.80538950687896,0,NaN,NaN,NaN,NaN,NaN,NaN,NaN,NaN,NaN,NaN,0,5.957755,752574,/home/j/INCSL/IICC26_ws/src/sjtu_drone-ros2/matlab/logs/autosim_launch_s005_20260310_213224.log,
6,stable,1,,2.28165280314501,-4.52575985005176e-07,2.50992302730591,-127.645991408284,0.966868019104004,1.76757252216339,0.240407147897661,0.0197559380892132,0.508400280115364,6.63032609034869,0.224773214598734,0.237271265659519,-4.52575985005176e-07,0.000451681416032077,0.000258792523369365,4.09612042827425e-09,0.235786731492988,2.22421580465916e-07,0.000513704381584712,1.39872753353751,3.01699616113188,0,NaN,NaN,NaN,NaN,NaN,NaN,NaN,NaN,NaN,NaN,0,5.712806,759695,/home/j/INCSL/IICC26_ws/src/sjtu_drone-ros2/matlab/logs/autosim_launch_s006_20260310_213311.log,
7,stable,1,,1.67352073513582,4.40591314963233e-07,2.41994370298849,-126.035047096485,2.35707251592116,2.5779664516449,1.06808432390714,1.54484587590453,0.121138975043004,4.26598358198478,0.14088909853942,0.274022645098558,4.40591314963233e-07,0.00267497496845727,0.000176839188122417,2.30594684727682e-05,0.102980951604043,1.39593807910605e-06,0.00233415676189127,1.01153728877647,1.76767585765365,0,NaN,NaN,NaN,NaN,NaN,NaN,NaN,NaN,NaN,NaN,0,31.788433,766816,/home/j/INCSL/IICC26_ws/src/sjtu_drone-ros2/matlab/logs/autosim_launch_s007_20260310_213357.log,
8,stable,1,,2.33819968977996,-3.93410504085787e-07,1.99909463931768,-128.034450613927,0.516182065010071,1.03236413002014,0.0528822001407827,0.142010653268648,0.493675624047579,6.65949727639173,0.17301095020041,0.185242933232382,-3.93410504085787e-07,0.000392515241527842,7.02532019074691e-09,0.00022489094011731,0.168535908501799,3.26152420719986e-07,0.000657075903120527,1.40548147460722,3.03461500377892,0,NaN,NaN,NaN,NaN,NaN,NaN,NaN,NaN,NaN,NaN,0,6.224394,773990,/home/j/INCSL/IICC26_ws/src/sjtu_drone-ros2/matlab/logs/autosim_launch_s008_20260310_213509.log,
9,stable,1,,2.41567147076191,-8.93671982344428e-10,2.42882567996652,-126.095851442396,0.680703401565552,0.940363228321075,0.834939882715705,0.339001101847047,0.495336988581588,6.44374371490601,0.20955914121056,0.215534460958712,-8.93671982344428e-10,0.000611322473540999,2.76630040284772e-09,4.69342728788181e-10,0.212577787499882,2.83416194953024e-07,0.000551259079128721,1.3702354155556,2.93739504397085,0,NaN,NaN,NaN,NaN,NaN,NaN,NaN,NaN,NaN,NaN,0,6.680035,781110,/home/j/INCSL/IICC26_ws/src/sjtu_drone-ros2/matlab/logs/autosim_launch_s009_20260310_213556.log,
10,stable,1,,1.76228296721755,-8.93304349514723e-10,2.18929042249461,-127.090728545406,0.540437832474709,0.757428586483002,0.0320777694689887,0.0601984624105651,0.357313705529858,4.3073554275189,0.191122821660928,0.198073039282107,-8.93304349514723e-10,0.000543703847603026,2.76257559853179e-09,3.01820869980079e-10,0.185734032018894,2.71028114453932e-07,0.000563897772369151,0.949618617320609,1.7756848188915,0,NaN,NaN,NaN,NaN,NaN,NaN,NaN,NaN,NaN,NaN,0,5.009745,788230,/home/j/INCSL/IICC26_ws/src/sjtu_drone-ros2/matlab/logs/autosim_launch_s010_20260310_213644.log,
11,stable,1,,2.01860765275237,-8.93290489639651e-10,2.10202784601437,-126.367413248331,0.277499210834503,0.643225133419037,0.033872398553268,0.0659368051545393,0.516021953572064,6.61022841845276,0.198338969797968,0.210440882501844,-8.93290489639651e-10,0.000568061798827313,2.76460194545321e-09,2.9351407930389e-10,0.187911719925017,2.88956391293988e-07,0.000571604694263313,1.39198865331581,3.01107657669041,0,NaN,NaN,NaN,NaN,NaN,NaN,NaN,NaN,NaN,NaN,0,5.037178,795360,/home/j/INCSL/IICC26_ws/src/sjtu_drone-ros2/matlab/logs/autosim_launch_s011_20260310_213729.log,
12,unstable,0,touchdown_vz_peak_high,2.32114051689008,-8.96829886158881e-10,2.17155762371594,-127.176144613813,0.838000774383545,1.20904457569122,0.0564774139536829,0.141998642225429,0.534735217945927,6.85557963798435,0.184386342206885,0.208552143605497,-8.96829886158881e-10,0.000599257659164754,3.71817634920909e-10,2.8264273806469e-09,0.15632852097789,2.85562032023859e-07,0.000563339253208095,1.43888101708211,3.15631915230384,0,NaN,NaN,NaN,NaN,NaN,NaN,NaN,NaN,NaN,NaN,0,5.489324,802481,/home/j/INCSL/IICC26_ws/src/sjtu_drone-ros2/matlab/logs/autosim_launch_s012_20260310_213815.log,
13,stable,1,,2.43436839627087,-6.13229677253288e-07,2.07150339417002,-126.070557641324,0.75733135342598,0.904773473739624,0.210143882037207,1.37160540550801,0.433190892553396,6.59083753847593,0.211433660385695,0.221837075477524,-6.13229677253288e-07,0.000612332589273234,4.03678713567639e-09,0.000350840351126739,0.221837075477524,2.83700126560213e-07,0.000500487872924866,1.41124323218373,3.00443417848057,0,NaN,NaN,NaN,NaN,NaN,NaN,NaN,NaN,NaN,NaN,0,9.017802,809602,/home/j/INCSL/IICC26_ws/src/sjtu_drone-ros2/matlab/logs/autosim_launch_s013_20260310_213901.log,
14,stable,1,,2.43746626458,-1.86916756726779e-06,2.0716688985117,-127.374480982322,1.58961153030396,2.43850421905518,0.12772954980259,0.25210012512705,0.521898460433512,6.5620732190674,0.167660437593813,0.2071540786752,-1.86916756726779e-06,0.0023097621472779,0.000730418406145466,7.55613130797352e-05,0.128166796512427,1.33123860393163e-06,0.0024236156103857,1.38334448484941,2.99580543297701,0,NaN,NaN,NaN,NaN,NaN,NaN,NaN,NaN,NaN,NaN,0,5.737384,816730,/home/j/INCSL/IICC26_ws/src/sjtu_drone-ros2/matlab/logs/autosim_launch_s014_20260310_213951.log,
15,stable,1,,1.51887455200227,-5.15590804620769e-07,2.22530309411188,-126.820839466121,1.3535719315211,1.40497529506683,0.1221499553519,0.101069614873392,0.346551334045788,4.38570443336021,0.168420721875065,0.192416534797721,-5.15590804620769e-07,0.000514694646307277,4.03971407438682e-09,0.000294897396669718,0.142730859011139,2.75378657517129e-07,0.000575885642697088,0.968811415291614,1.81199090912747,0,NaN,NaN,NaN,NaN,NaN,NaN,NaN,NaN,NaN,NaN,0,4.791637,823849,/home/j/INCSL/IICC26_ws/src/sjtu_drone-ros2/matlab/logs/autosim_launch_s015_20260310_214038.log,
16,stable,1,,1.70496369045796,-3.33708848578147e-07,2.20965344898005,-125.159591706294,1.27717465162277,1.75475215911865,0.78755306341959,0.564849051503176,0.363884740645445,4.42509607963891,0.179316181526158,0.206450251801227,-3.33708848578147e-07,0.000332814921563281,4.36854897283688e-07,0.000190281189984957,0.141821179856165,2.49045326400166e-07,0.000544359065043653,1.03709895820518,1.86774206746305,0,NaN,NaN,NaN,NaN,NaN,NaN,NaN,NaN,NaN,NaN,0,5.727584,830963,/home/j/INCSL/IICC26_ws/src/sjtu_drone-ros2/matlab/logs/autosim_launch_s016_20260310_214123.log,
17,stable,1,,1.64001337405715,-4.04645536378893e-07,2.20305257467629,-125.441380458158,0.97201931476593,2.02582216262817,0.159453911888193,0.220715258594852,0.328502758616257,4.42522932643165,0.160252698606134,0.19375146238232,-4.04645536378893e-07,0.000403750419726159,5.61228628769095e-09,0.000231329228935335,0.121851522399797,3.35292140919802e-07,0.000621116388573521,0.978493367295028,1.83339146899541,0,NaN,NaN,NaN,NaN,NaN,NaN,NaN,NaN,NaN,NaN,0,5.966757,838083,/home/j/INCSL/IICC26_ws/src/sjtu_drone-ros2/matlab/logs/autosim_launch_s017_20260310_214209.log,
18,stable,1,,2.29808039418835,-8.97558468020641e-10,2.12123304669414,-127.541391295672,1.11348576545715,1.43728303909302,0.0875654915418267,0.185115716619869,0.485230637369499,6.68890235046037,0.182602960764895,0.216722038359455,-8.97558468020641e-10,0.000725335242117858,1.14965276526176e-10,3.19207558849319e-09,0.151581674674293,2.51617909859532e-07,0.000649675077529788,1.4058301692978,3.05650534747077,0,NaN,NaN,NaN,NaN,NaN,NaN,NaN,NaN,NaN,NaN,0,6.427714,845209,/home/j/INCSL/IICC26_ws/src/sjtu_drone-ros2/matlab/logs/autosim_launch_s018_20260310_214256.log,
19,stable,1,,1.57559648799767,-8.96284877208425e-10,1.9262513077315,-126.020080903847,1.86370104551315,1.87901628017426,0.0169055737577526,0.269244312185147,0.329261692713946,4.31733260199082,0.132382994709272,0.202106947103264,-8.96284877208425e-10,0.000504936298442445,7.3602213666756e-10,2.55289064591874e-09,0.0854367299920993,2.58764408824765e-07,0.000544565857781664,0.952055600162892,1.78028149586424,0,NaN,NaN,NaN,NaN,NaN,NaN,NaN,NaN,NaN,NaN,0,5.465277,852331,/home/j/INCSL/IICC26_ws/src/sjtu_drone-ros2/matlab/logs/autosim_launch_s019_20260310_214343.log,
20,unstable,0,touchdown_vz_peak_high,2.01665448947014,-8.96751571928645e-10,2.11180719846622,-124.875008447221,0.133336615562439,0.207284301519394,0.0127447133948509,0.00227492141036724,0.524499042340732,6.7375946619008,0.214861045492736,0.21694344758295,-8.96751571928645e-10,0.000585704080761311,4.24152235551069e-10,2.78711990328231e-09,0.212782736152688,2.96536072954273e-07,0.000592376028594517,1.42028344819179,3.0948546184886,0,NaN,NaN,NaN,NaN,NaN,NaN,NaN,NaN,NaN,NaN,0,5.032587,859449,/home/j/INCSL/IICC26_ws/src/sjtu_drone-ros2/matlab/logs/autosim_launch_s020_20260310_214430.log,
21,stable,1,,2.26494296251793,-5.77118574992995e-07,2.19635686224981,-125.806727982977,1.44688467184703,1.55278289318085,2.02962103444923,0.380780194261708,0.534827738969882,6.6792026503721,0.228401825272395,0.245220552614377,-5.77118574992995e-07,0.000576221830852107,4.03588599485345e-09,0.000330150212851368,0.245220552614377,2.53422821556485e-07,0.00043395643266765,1.40565307950688,3.05245548717049,0,NaN,NaN,NaN,NaN,NaN,NaN,NaN,NaN,NaN,NaN,0,5.752786,866571,/home/j/INCSL/IICC26_ws/src/sjtu_drone-ros2/matlab/logs/autosim_launch_s021_20260310_214516.log,
22,stable,1,,2.17341684468635,-8.93115582244069e-10,2.07563937703118,-127.899961188907,0.242294661700726,0.466534674167633,0.0278479661209447,0.0280431302390336,0.516050601614373,6.5808323902395,0.205606516086992,0.211730395983513,-8.93115582244069e-10,0.000546266268648587,2.77660788571483e-09,2.00609777182326e-10,0.202567806407446,2.76823148377208e-07,0.000504860792338527,1.3858893096852,2.9981416240112,0,NaN,NaN,NaN,NaN,NaN,NaN,NaN,NaN,NaN,NaN,0,5.258585,873689,/home/j/INCSL/IICC26_ws/src/sjtu_drone-ros2/matlab/logs/autosim_launch_s022_20260310_214602.log,
23,stable,1,,1.68375239577846,-5.46341261774011e-07,2.12380263432512,-126.447366908126,0.724732299645742,0.900096535682678,0.030215330817419,0.0939644573080438,0.354511818865947,4.41507470043016,0.159058738332428,0.194804476119045,-5.46341261774011e-07,0.000545447888233164,0.000312516112945114,4.03804814648398e-09,0.121477080076715,2.74250944415336e-07,0.00054564459162286,0.974753793506662,1.82054589775123,0,NaN,NaN,NaN,NaN,NaN,NaN,NaN,NaN,NaN,NaN,0,5.035962,880805,/home/j/INCSL/IICC26_ws/src/sjtu_drone-ros2/matlab/logs/autosim_launch_s023_20260310_214648.log,
24,stable,1,,1.67918860059164,-5.67706298403892e-07,2.08677184667166,-124.599598878954,0.712104964256287,0.982240557670593,0.159093166366558,0.0280759944287135,0.32198250655273,4.47388978071326,0.201055800944875,0.207111821387972,-5.67706298403892e-07,0.000566813238302023,0.000324757377184663,4.03758951899768e-09,0.191858031191284,2.89857982915848e-07,0.000586868069209046,0.991830795581613,1.86393886201828,0,NaN,NaN,NaN,NaN,NaN,NaN,NaN,NaN,NaN,NaN,0,6.452923,887929,/home/j/INCSL/IICC26_ws/src/sjtu_drone-ros2/matlab/logs/autosim_launch_s024_20260310_214734.log,
25,stable,1,,1.55103392799281,-8.93290859389649e-10,1.9776559075214,-125.452233062923,0.708864605426788,1.36340701580048,0.206133314686664,0.0534401825574658,0.266568666758605,4.18002216180896,0.19557532480046,0.197315301719701,-8.93290859389649e-10,0.000545573806060701,2.76454856621712e-09,2.93735700370425e-10,0.192411829154935,2.90922217612835e-07,0.000579763369449168,0.91969255513185,1.71870078179335,0,NaN,NaN,NaN,NaN,NaN,NaN,NaN,NaN,NaN,NaN,0,8.103906,895051,/home/j/INCSL/IICC26_ws/src/sjtu_drone-ros2/matlab/logs/autosim_launch_s025_20260310_214821.log,
26,stable,1,,1.97489701356796,4.40592473831731e-07,2.031470480043,-127.216291419508,0.797208368778229,1.22039568424225,0.284199508523648,1.34287660318488,0.534019350497062,6.63986046879943,0.220911652347174,0.233012570591102,4.40592473831731e-07,0.00267497452426296,0.000176839652006372,2.30595306174784e-05,0.233012570591102,1.05814941260158e-06,0.00243199580270439,1.37591333165476,3.02173430843443,0,NaN,NaN,NaN,NaN,NaN,NaN,NaN,NaN,NaN,NaN,0,4.968245,902181,/home/j/INCSL/IICC26_ws/src/sjtu_drone-ros2/matlab/logs/autosim_launch_s026_20260310_214910.log,
27,stable,1,,1.57933308847081,7.25902541297954e-07,1.91760505295747,-125.462094192371,1.63236558437347,1.71448910236359,0.22279636733238,1.04986256383057,0.373521963854009,4.26829805539249,0.214435168693262,0.222359594067339,7.25902541297954e-07,0.00259506656527061,0.000288025175647999,3.160599685263e-05,0.222359594067339,1.44177325277722e-06,0.00243602905639859,0.998939427826024,1.77186961335045,0,NaN,NaN,NaN,NaN,NaN,NaN,NaN,NaN,NaN,NaN,0,4.780219,909303,/home/j/INCSL/IICC26_ws/src/sjtu_drone-ros2/matlab/logs/autosim_launch_s027_20260310_214955.log,
28,stable,1,,1.74022596406279,-4.2849162557004e-07,2.07958956317576,-123.733292766524,0.753869685861799,1.13715243339539,0.146260853644739,1.04363656145889,0.363896819303715,4.15052656489669,0.218001740257761,0.225790833035135,-4.2849162557004e-07,0.000427596291315597,4.32104112103802e-09,0.000244993026272005,0.217570343331761,2.85227414008687e-07,0.000531112034624867,1.05061393972359,1.72645819691907,0,NaN,NaN,NaN,NaN,NaN,NaN,NaN,NaN,NaN,NaN,0,5.71522,916418,/home/j/INCSL/IICC26_ws/src/sjtu_drone-ros2/matlab/logs/autosim_launch_s028_20260310_215041.log,
29,unstable,0,touchdown_vz_peak_high,2.36249139390823,-1.86916428068411e-06,1.87062632263642,-127.847282830956,0.689085265000661,1.43879926204681,0.222125353728935,1.69393422061996,0.567541166001668,6.70845588286246,0.216143350871516,0.225550319841887,-1.86916428068411e-06,0.00230975617889518,0.000730417121222452,7.5561180109517e-05,0.225550319841887,1.39189978144046e-06,0.00275283317389232,1.42923291707048,3.01384709096219,0,NaN,NaN,NaN,NaN,NaN,NaN,NaN,NaN,NaN,NaN,0,5.242279,923532,/home/j/INCSL/IICC26_ws/src/sjtu_drone-ros2/matlab/logs/autosim_launch_s029_20260310_215127.log,
30,stable,1,,2.40186377743166,-8.96829697720414e-10,1.87319628751653,-127.297520073929,0.898044725259145,1.40080964565277,1.86832248773612,0.248267877559525,0.469214720572943,6.68895851458253,0.217667333521448,0.235937362788058,-8.96829697720414e-10,0.000599224648974155,3.71943968002498e-10,2.82632959320586e-09,0.235937362788058,2.97719786990518e-07,0.000605005328979376,1.42642353205642,3.05378233385471,0,NaN,NaN,NaN,NaN,NaN,NaN,NaN,NaN,NaN,NaN,0,7.842383,930651,/home/j/INCSL/IICC26_ws/src/sjtu_drone-ros2/matlab/logs/autosim_launch_s030_20260310_215213.log,
31,stable,1,,1.75372470150339,-2.23438240330052e-06,1.89405013055751,-128.48006389226,0.803780043125153,1.05955517292023,1.34095859097034,0.0953507855611928,0.399316383295874,4.41510581904722,0.210881275537571,0.216365015024177,-2.23438240330052e-06,0.00296028458649867,0.000873202376680976,9.03323360161663e-05,0.216365015024177,1.19284196343115e-06,0.00276281094107836,1.09741204004571,1.80985385662245,0,NaN,NaN,NaN,NaN,NaN,NaN,NaN,NaN,NaN,NaN,0,5.01738,937805,/home/j/INCSL/IICC26_ws/src/sjtu_drone-ros2/matlab/logs/autosim_launch_s031_20260310_215302.log,
32,stable,1,,1.56143396469158,-5.46855493682799e-07,1.67565491713384,-125.916727885976,0.806421399116516,1.03956985473633,0.149792164742863,0.0645710277742978,0.313846622316948,4.28772595344482,0.186070571296448,0.196458011481169,-5.46855493682799e-07,0.000545962124847279,0.000312810746198318,4.03818773555406e-09,0.177776568292451,2.87659130047073e-07,0.000585463360618764,0.945851354625878,1.77126915794664,0,NaN,NaN,NaN,NaN,NaN,NaN,NaN,NaN,NaN,NaN,0,5.976687,944924,/home/j/INCSL/IICC26_ws/src/sjtu_drone-ros2/matlab/logs/autosim_launch_s032_20260310_215347.log,
33,unstable,0,touchdown_vz_peak_high,2.08029335480603,-8.93121441358054e-10,2.10917136261484,-127.014815012554,0.566166089640723,0.904274940490723,0.100412245116141,0.0305751021411638,0.507357311385766,6.72794003488119,0.20090773475558,0.206869583551176,-8.93121441358054e-10,0.000546761106042584,2.77750267991108e-09,2.02581223394188e-10,0.204087837936771,2.92633597396668e-07,0.000504798759694635,1.41966696545323,3.07649756335678,0,NaN,NaN,NaN,NaN,NaN,NaN,NaN,NaN,NaN,NaN,0,5.494792,952044,/home/j/INCSL/IICC26_ws/src/sjtu_drone-ros2/matlab/logs/autosim_launch_s033_20260310_215434.log,
34,stable,1,,1.55943307513427,-8.93118406360653e-10,1.99326905394562,-126.402495088823,1.20962339639664,1.25892925262451,0.13413969361786,0.0809984717466001,0.347133241501407,4.31711128060487,0.186569422654061,0.194107954263097,-8.93118406360653e-10,0.000546504295726516,2.77704122510694e-09,2.01557117823017e-10,0.175568130205942,2.50339526597835e-07,0.000579903409412863,0.951795707918091,1.77920058323936,0,NaN,NaN,NaN,NaN,NaN,NaN,NaN,NaN,NaN,NaN,0,4.777931,959164,/home/j/INCSL/IICC26_ws/src/sjtu_drone-ros2/matlab/logs/autosim_launch_s034_20260310_215520.log,
35,stable,1,,2.10943534653688,-5.66271396505014e-07,1.88084050141636,-125.058018224367,0.974542319774628,1.33427226543427,0.143984065462929,0.0715523746896105,0.50745747815908,6.56148049057299,0.194325796519929,0.198984899720672,-5.66271396505014e-07,0.000565378310887692,0.000323935239176591,4.0379720793635e-09,0.189736235825831,2.87880181661684e-07,0.000570782251384839,1.38822502404833,2.96927354172981,0,NaN,NaN,NaN,NaN,NaN,NaN,NaN,NaN,NaN,NaN,0,5.24928,966282,/home/j/INCSL/IICC26_ws/src/sjtu_drone-ros2/matlab/logs/autosim_launch_s035_20260310_215605.log,
36,stable,1,,2.2518252631248,-5.67968809549017e-07,2.08911318734286,-128.186672677765,0.493976970513662,1.08461797237396,0.123972853352509,0.0164952811541935,0.505939756163191,6.63983523939561,0.204749461481943,0.211537398005767,-5.67968809549017e-07,0.000567075753802893,0.000324907784916913,4.03757022882224e-09,0.207099578225838,2.74309491682058e-07,0.000568735528805924,1.40140348038833,3.03752516221222,0,NaN,NaN,NaN,NaN,NaN,NaN,NaN,NaN,NaN,NaN,0,5.738942,973400,/home/j/INCSL/IICC26_ws/src/sjtu_drone-ros2/matlab/logs/autosim_launch_s036_20260310_215651.log,
37,stable,1,,1.54834227350156,-2.23438244305135e-06,1.77684835811463,-126.425043863753,0.749514673437391,0.96384185552597,0.257794673796834,1.0537710676331,0.338480426847276,4.1588226129352,0.200016096704199,0.202147526230953,-2.23438244305135e-06,0.00267497462885828,0.000873202392222725,9.03323376243518e-05,0.196509145765166,1.39564134048699e-06,0.0026919108896599,0.979842274898395,1.75346131352262,0,NaN,NaN,NaN,NaN,NaN,NaN,NaN,NaN,NaN,NaN,0,5.965409,980528,/home/j/INCSL/IICC26_ws/src/sjtu_drone-ros2/matlab/logs/autosim_launch_s037_20260310_215738.log,
38,stable,1,,1.75551903262159,-2.23438149701927e-06,1.93385908872478,-122.394000996663,0.692394733428955,1.16225981712341,0.0566582744060043,1.22759891756803,0.392519147475726,4.28781843442125,0.245609164628709,0.277126348353961,-2.23438149701927e-06,0.00296028306082128,0.000873202022359562,9.03322993598598e-05,0.277126348353961,1.3750992839389e-06,0.00269803337511158,1.0792374218653,1.79134848500315,0,NaN,NaN,NaN,NaN,NaN,NaN,NaN,NaN,NaN,NaN,0,5.014897,987648,/home/j/INCSL/IICC26_ws/src/sjtu_drone-ros2/matlab/logs/autosim_launch_s038_20260310_215825.log,
39,stable,1,,1.73208541251395,-7.16956086054954e-07,1.9161886291726,-122.783489357006,0.729707727829615,0.974932849407196,0.0288737726082804,1.21485380065333,0.385472136805459,4.24846918555442,0.236892389075131,0.258357397161068,-7.16956086054954e-07,0.000716058246608017,4.03496975099601e-09,0.000410271202790579,0.258357397161068,2.76485635853965e-07,0.000569586589587145,1.05583474994607,1.74354678999117,0,NaN,NaN,NaN,NaN,NaN,NaN,NaN,NaN,NaN,NaN,0,5.034506,994773,/home/j/INCSL/IICC26_ws/src/sjtu_drone-ros2/matlab/logs/autosim_launch_s039_20260310_215910.log,
40,stable,1,,1.98209789175865,4.40593124358708e-07,1.96867067391655,-123.586570068552,0.712775568167369,0.959688246250153,0.0747211515514449,1.35563473586132,0.492944710870865,6.62027710590528,0.236267299241723,0.258240873979568,4.40593124358708e-07,0.00267497427359921,0.000176839912445324,2.30595652951511e-05,0.258240873979568,1.33557808680484e-06,0.00276201504424713,1.37344791372774,3.00616310224701,0,NaN,NaN,NaN,NaN,NaN,NaN,NaN,NaN,NaN,NaN,0,5.736984,1001893,/home/j/INCSL/IICC26_ws/src/sjtu_drone-ros2/matlab/logs/autosim_launch_s040_20260310_215956.log,
41,stable,1,,2.24522884470213,-5.05686328115936e-07,1.96461919299708,-125.030810267647,2.01679027080536,2.05800247192383,0.256856035437191,0.192316589622485,0.454671699073587,6.54211557201526,0.179415931784072,0.204166938427613,-5.05686328115936e-07,0.000504790806476834,4.04037299823882e-09,0.000289222549886437,0.166522861906619,2.84046778622365e-07,0.000556255497897855,1.3842750871011,2.96575008658901,0,NaN,NaN,NaN,NaN,NaN,NaN,NaN,NaN,NaN,NaN,0,6.939452,1009011,/home/j/INCSL/IICC26_ws/src/sjtu_drone-ros2/matlab/logs/autosim_launch_s041_20260310_220043.log,
42,stable,1,,1.68068056947421,-8.93284904822992e-10,1.84359534160089,-125.759660549668,1.46988145510356,1.92206621170044,0.210302853562937,0.0426505546979078,0.364327555862067,4.3467207579836,0.202903994889314,0.206475904529072,-8.93284904822992e-10,0.000567288158121589,2.765417946655e-09,2.90168377409032e-10,0.206475904529072,2.89076911711917e-07,0.0005835144286247,0.960749643386517,1.80285757432368,0,NaN,NaN,NaN,NaN,NaN,NaN,NaN,NaN,NaN,NaN,0,4.767346,1016135,/home/j/INCSL/IICC26_ws/src/sjtu_drone-ros2/matlab/logs/autosim_launch_s042_20260310_220130.log,
43,unstable,0,touchdown_vz_peak_high,2.29064826680501,-8.93158839688243e-10,1.92399487038037,-126.353098118705,1.07268260419369,1.48145389556885,0.223096698517285,0.0652459991447872,0.463687363955805,6.83594036248868,0.200724960266908,0.204193226252445,-8.93158839688243e-10,0.000549800622353168,2.77957897440061e-09,2.20718514985343e-10,0.194557463783418,2.74199948669834e-07,0.000573717796131886,1.43959715845789,3.13520247980747,0,NaN,NaN,NaN,NaN,NaN,NaN,NaN,NaN,NaN,NaN,0,7.17272,1023252,/home/j/INCSL/IICC26_ws/src/sjtu_drone-ros2/matlab/logs/autosim_launch_s043_20260310_220216.log,
44,stable,1,,1.51532642308962,-8.97159615105141e-10,1.90759543141243,-127.844704273722,0.871410775184631,1.1474449634552,0.146434264944218,1.0554581135472,0.374636976297865,4.37600567682213,0.214416005324854,0.227292542921432,-8.97159615105141e-10,0.000656322071007825,1.51472505387052e-10,2.9919144488881e-09,0.227292542921432,2.84284758073817e-07,0.000593429537945287,1.00983736834983,1.79372429882733,0,NaN,NaN,NaN,NaN,NaN,NaN,NaN,NaN,NaN,NaN,0,4.782382,1030378,/home/j/INCSL/IICC26_ws/src/sjtu_drone-ros2/matlab/logs/autosim_launch_s044_20260310_220304.log,
45,stable,1,,2.41677703913518,-8.96883936976713e-10,1.98410406208621,-122.113744186558,1.17927389144897,1.96545648574829,0.188619514522193,0.14235402364646,0.528724130563011,6.41476549711734,0.168943606377598,0.192579087610469,-8.96883936976713e-10,0.000608610765466729,3.35702554989536e-10,2.85355051489332e-09,0.118885427796792,2.60863285874579e-07,0.000456454100015682,1.35928766230234,2.91715559998137,0,NaN,NaN,NaN,NaN,NaN,NaN,NaN,NaN,NaN,NaN,0,5.249119,1037500,/home/j/INCSL/IICC26_ws/src/sjtu_drone-ros2/matlab/logs/autosim_launch_s045_20260310_220350.log,
46,stable,1,,2.05803943482714,-8.96985302679743e-10,2.02807656690395,-126.945725744778,1.66904747486115,2.25959420204163,1.81976475023811,0.193785268314406,0.542302251560671,6.57188042400735,0.192970188935716,0.195565836364232,-8.96985302679743e-10,0.000626154584145217,2.67959987154808e-10,2.90442835284305e-09,0.190374541507201,2.93612039149158e-07,0.000597905298329731,1.36871603514116,2.96029115335925,0,NaN,NaN,NaN,NaN,NaN,NaN,NaN,NaN,NaN,NaN,0,5.021262,1044621,/home/j/INCSL/IICC26_ws/src/sjtu_drone-ros2/matlab/logs/autosim_launch_s046_20260310_220436.log,
47,stable,1,,1.67206291650881,-1.86916289464582e-06,2.02726066309477,-121.319262228342,1.70255148410797,2.33729267120361,1.32488430506746,0.101430054128727,0.388131157191195,4.30765607703908,0.199969275889242,0.199969275889242,-1.86916289464582e-06,0.00230975368991002,0.000730416579342855,7.55611240786493e-05,0.199969275889242,1.33105619260752e-06,0.00271437453655706,1.02146525476819,1.76377268766642,0,NaN,NaN,NaN,NaN,NaN,NaN,NaN,NaN,NaN,NaN,0,4.764106,1051745,/home/j/INCSL/IICC26_ws/src/sjtu_drone-ros2/matlab/logs/autosim_launch_s047_20260310_220521.log,
48,stable,1,,1.67963571666064,-5.6878345719838e-07,1.82771805113446,-122.637981059011,2.00604661305745,2.12918496131897,0.215732614515092,0.0155509997098301,0.360438237867053,4.33695887932536,0.210375609561612,0.211773289560423,-5.6878345719838e-07,0.000567890413110642,0.00032537454341644,4.03782480155635e-09,0.211773289560423,2.88985908037728e-07,0.00058170388844822,0.957303872444149,1.79165878873397,0,NaN,NaN,NaN,NaN,NaN,NaN,NaN,NaN,NaN,NaN,0,4.780943,1058863,/home/j/INCSL/IICC26_ws/src/sjtu_drone-ros2/matlab/logs/autosim_launch_s048_20260310_220607.log,
49,unstable,0,touchdown_vz_peak_high,2.38062706908963,4.40591381671261e-07,1.91973590911304,-123.952562884087,1.43765898545583,1.85273361206055,0.26134173740712,1.71624298829203,0.563154565416439,6.72817181549129,0.228714532972594,0.23875464483422,4.40591381671261e-07,0.00267497495199912,0.000176839214571644,2.30594734090866e-05,0.23875464483422,1.37509962983505e-06,0.00262803969998664,1.42181960426916,3.07102027401696,0,NaN,NaN,NaN,NaN,NaN,NaN,NaN,NaN,NaN,NaN,0,5.281813,1065981,/home/j/INCSL/IICC26_ws/src/sjtu_drone-ros2/matlab/logs/autosim_launch_s049_20260310_220653.log,
50,unstable,0,touchdown_vz_osc_high;touchdown_vz_peak_high,2.22206333821529,-8.96835749684425e-10,1.78867162897179,-121.8764556945,2.8816115742638,3.26475048065186,1.31280274964484,1.58822521070907,0.173340732902305,6.76831090710716,0.245983227821765,0.569914270851095,-8.96835749684425e-10,0.000600272391531532,3.67899687967059e-10,2.82936823370985e-09,0.321734857727484,1.99790633273798e-07,0.000570924962755262,1.46394451830457,3.10620593589536,0,NaN,NaN,NaN,NaN,NaN,NaN,NaN,NaN,NaN,NaN,0,32.336921,1073106,/home/j/INCSL/IICC26_ws/src/sjtu_drone-ros2/matlab/logs/autosim_launch_s050_20260310_220739.log,
51,stable,1,,1.6781211687255,4.4059083786547e-07,1.79698325918466,-123.928221238646,2.06527538299561,2.69856238365173,1.52278300854313,0.232364183882204,0.382813015745508,4.40580681469725,0.173936238084442,0.19929217913638,4.4059083786547e-07,0.00267497515978291,0.000176838996901456,2.30594441573455e-05,0.161787040291011,1.28668149676962e-06,0.00281808219439556,1.04062306729737,1.83550786385935,0,NaN,NaN,NaN,NaN,NaN,NaN,NaN,NaN,NaN,NaN,0,5.023133,1080280,/home/j/INCSL/IICC26_ws/src/sjtu_drone-ros2/matlab/logs/autosim_launch_s051_20260310_220852.log,
52,stable,1,,2.09594616293729,-6.10027860099665e-07,1.90606506718967,-122.683382350962,1.61658494813102,2.30737662315369,0.199330647070076,0.164056737202339,0.513532048144633,6.65031999641925,0.17853494509836,0.202085169685922,-6.10027860099665e-07,0.000609130802598884,4.03644493855587e-09,0.000349005844611296,0.154984720510799,2.94178465838989e-07,0.000593164480743023,1.40458361505398,3.0285702073212,0,NaN,NaN,NaN,NaN,NaN,NaN,NaN,NaN,NaN,NaN,0,5.257869,1087396,/home/j/INCSL/IICC26_ws/src/sjtu_drone-ros2/matlab/logs/autosim_launch_s052_20260310_220938.log,
53,stable,1,,2.343857834167,4.40589378241676e-07,2.05859636416181,-123.485265246603,3.16364904812404,3.73536324501038,0.568094860066001,1.89208966154132,0.553904588455457,6.33770118371108,0.292280317808836,0.412660216009478,4.40589378241676e-07,0.00267497573999694,0.000176838412049691,2.30593689766586e-05,0.412660216009478,1.29858295582753e-06,0.00259749758063675,1.3743031246301,2.86392772051692,0,NaN,NaN,NaN,NaN,NaN,NaN,NaN,NaN,NaN,NaN,0,5.245458,1094512,/home/j/INCSL/IICC26_ws/src/sjtu_drone-ros2/matlab/logs/autosim_launch_s053_20260310_221024.log,
54,stable,1,,1.59167464885117,-3.02659702767441e-07,1.82711674195797,-122.338268488369,2.20822987556458,2.89407300949097,0.420733765587968,1.09244739706253,0.365793636035923,4.46466632151,0.250331744711572,0.29289284917857,-3.02659702767441e-07,7.07779643499891e-07,6.93335365288051e-06,0.000184029776111125,0.29289284917857,1.03716409874807e-15,2.99972900779744e-12,1.03270861459472,1.84139201201085,0,NaN,NaN,NaN,NaN,NaN,NaN,NaN,NaN,NaN,NaN,0,5.287715,1101633,/home/j/INCSL/IICC26_ws/src/sjtu_drone-ros2/matlab/logs/autosim_launch_s054_20260310_221110.log,
55,stable,1,,1.871827815072,-2.23438565296901e-06,1.94013788127601,-122.850591964303,3.09952858289083,3.20775055885315,1.71983610926709,2.02904411601145,0.134734307387109,4.35694488150771,0.232756327339885,0.635307010351134,-2.23438565296901e-06,0.00259506605448151,0.000873203647169675,9.03324674480955e-05,0.148551884598502,1.12105806334382e-06,0.00278310811436476,1.10182643811374,1.83278927093163,0,NaN,NaN,NaN,NaN,NaN,NaN,NaN,NaN,NaN,NaN,0,32.029657,1108752,/home/j/INCSL/IICC26_ws/src/sjtu_drone-ros2/matlab/logs/autosim_launch_s055_20260310_221156.log,
56,stable,1,,1.60725671508598,-2.23438449420064e-06,1.87952489310621,-124.36494621675,3.05634617805481,3.18192291259766,0.287941113395003,1.25106095519693,0.380006123264762,4.29819707981438,0.318511604004778,0.345881497039571,-2.23438449420064e-06,0.00296028840268169,0.000873203194127573,9.03324205759776e-05,0.345881497039571,1.33984061136843e-06,0.0026024150090844,1.00996381464295,1.79202597573407,0,NaN,NaN,NaN,NaN,NaN,NaN,NaN,NaN,NaN,NaN,0,4.792841,1115930,/home/j/INCSL/IICC26_ws/src/sjtu_drone-ros2/matlab/logs/autosim_launch_s056_20260310_221308.log,
57,stable,1,,1.81730694560714,-8.9560604636437e-10,2.01306894721478,-123.703733660946,1.47561976313591,2.06061744689941,0.2190318342511,1.28491463407054,0.397984193553592,4.31739839772851,0.253574676192558,0.266892773584626,-8.9560604636437e-10,0.000411384393679438,1.03954860122616e-09,2.27521194301498e-09,0.266892773584626,2.54147502326839e-07,0.000481652784249302,1.08783801818627,1.78068835930292,0,NaN,NaN,NaN,NaN,NaN,NaN,NaN,NaN,NaN,NaN,0,5.031664,1123048,/home/j/INCSL/IICC26_ws/src/sjtu_drone-ros2/matlab/logs/autosim_launch_s057_20260310_221354.log,
58,stable,1,,2.1451076657002,-1.86916294010625e-06,1.79184357049478,-124.469394577417,2.44653869930067,2.85157203674316,1.34486979603905,1.94002879991049,0.174741300961026,6.63120661617064,0.274483779753879,0.571856134015334,-1.86916294010625e-06,0.00230975374469302,0.000730416597111904,7.55611258538236e-05,0.553605308324067,1.30953618937186e-06,0.00237921449433274,1.36100555718131,3.03186491870117,0,NaN,NaN,NaN,NaN,NaN,NaN,NaN,NaN,NaN,NaN,0,32.331163,1130165,/home/j/INCSL/IICC26_ws/src/sjtu_drone-ros2/matlab/logs/autosim_launch_s058_20260310_221440.log,
59,stable,1,,1.67585867527922,4.40590744970949e-07,1.90358907974983,-122.169505350555,2.63019076983134,2.66850590705872,0.278141848408419,1.14417138324893,0.392364760695385,4.30765155364188,0.259559093301373,0.28939532792285,4.40590744970949e-07,0.00267497520752866,0.000176838959386534,2.3059440966018e-05,0.28939532792285,1.31493231060165e-06,0.00275386492498671,1.02533503275243,1.78192434131018,0,NaN,NaN,NaN,NaN,NaN,NaN,NaN,NaN,NaN,NaN,0,4.760677,1137344,/home/j/INCSL/IICC26_ws/src/sjtu_drone-ros2/matlab/logs/autosim_launch_s059_20260310_221553.log,
60,stable,1,,2.416416094793,7.25901515799438e-07,1.95533603544456,-121.682915799118,2.53588495935713,3.66763877868652,0.148339303037842,2.25992498386048,0.537318570887232,6.43586508544297,0.364314310049818,0.481966798397507,7.25901515799438e-07,0.0025950668964985,0.000288024763881547,3.16059652952223e-05,0.481966798397507,1.43159974641887e-06,0.00268046773540571,1.39223325802134,2.92763039305806,0,NaN,NaN,NaN,NaN,NaN,NaN,NaN,NaN,NaN,NaN,0,5.75086,1144463,/home/j/INCSL/IICC26_ws/src/sjtu_drone-ros2/matlab/logs/autosim_launch_s060_20260310_221638.log,
61,stable,1,,1.84262614582632,-5.0425846491446e-07,2.01006102178809,-122.843348050567,2.69303305943807,4.04623126983643,0.388049888854638,0.231351628534055,0.36623265001576,4.30831508452024,0.169842636552751,0.169842636552751,-5.0425846491446e-07,0.000503362414497243,4.04078280447599e-09,0.00028840444502507,0.169842636552751,2.83959792192551e-07,0.000569618004104534,0.951047171789094,1.78182511385415,0,NaN,NaN,NaN,NaN,NaN,NaN,NaN,NaN,NaN,NaN,0,5.027531,1151592,/home/j/INCSL/IICC26_ws/src/sjtu_drone-ros2/matlab/logs/autosim_launch_s061_20260310_221725.log,
62,stable,1,,2.34930277205403,4.40590584294484e-07,2.05454234339655,-124.578590114068,1.11707752943039,2.24703931808472,0.426398575878618,1.83160281816007,0.565894633919731,6.47376396836619,0.24273460464284,0.251113153690058,4.40590584294484e-07,0.00296028859444426,0.000176838895108593,2.30594321354297e-05,0.251113153690058,1.36648822573899e-06,0.00241165957135691,1.38610329890999,2.91664332420954,0,NaN,NaN,NaN,NaN,NaN,NaN,NaN,NaN,NaN,NaN,0,5.26794,1158711,/home/j/INCSL/IICC26_ws/src/sjtu_drone-ros2/matlab/logs/autosim_launch_s062_20260310_221811.log,
63,stable,1,,2.42332136510342,-8.97502264832374e-10,1.90907516459959,-123.955083775983,3.35720229148865,4.14679765701294,1.57261256191081,1.42204351915908,0.171748360440735,6.52439083097374,0.196190030142353,0.537316613106412,-8.97502264832374e-10,0.000715616762905288,7.74698480368596e-11,3.16387739630356e-09,0.134286839786893,1.95557032322433e-07,0.000546029951317829,1.37728942016872,2.95807555231357,0,NaN,NaN,NaN,NaN,NaN,NaN,NaN,NaN,NaN,NaN,0,32.244134,1165831,/home/j/INCSL/IICC26_ws/src/sjtu_drone-ros2/matlab/logs/autosim_launch_s063_20260310_221857.log,
64,stable,1,,2.16630526850788,-6.09438991621847e-07,1.75191981509009,-118.497538474994,2.30525906880697,3.47836375236511,0.385100696810687,0.0252624183879294,0.515634106741601,6.60233248681552,0.22522766101736,0.239597661838367,-6.09438991621847e-07,0.000608542174212549,4.0358374813813e-09,0.00034866844778159,0.239597661838367,2.75329026971534e-07,0.000456460258860445,1.39568520888459,2.98951319959666,0,NaN,NaN,NaN,NaN,NaN,NaN,NaN,NaN,NaN,NaN,0,5.252385,1173000,/home/j/INCSL/IICC26_ws/src/sjtu_drone-ros2/matlab/logs/autosim_launch_s064_20260310_222010.log,
65,stable,1,,2.3041080726098,7.25904899700304e-07,1.82767750858171,-121.213045320955,3.1254430770874,3.98641562461853,1.07392424965414,0.48221297431847,0.531814586897901,6.62229744777301,0.183755411263993,0.194820450734404,7.25904899700304e-07,0.00259506586271164,0.000288026110967149,3.16060990467977e-05,0.17806048149914,1.32480474881718e-06,0.0027628115458257,1.40453788798797,2.98056696935875,0,NaN,NaN,NaN,NaN,NaN,NaN,NaN,NaN,NaN,NaN,0,5.511124,1180119,/home/j/INCSL/IICC26_ws/src/sjtu_drone-ros2/matlab/logs/autosim_launch_s065_20260310_222056.log,
66,stable,1,,2.34936284961211,-1.8691618224496e-06,1.79680657025774,-122.144595008979,3.10085034370422,3.10085034370422,1.47146220462832,0.204772934378732,0.547894807334763,6.64108513695225,0.219901857367778,0.222368376601572,-1.8691618224496e-06,0.00230975176619379,0.00073041616016156,7.55610807321735e-05,0.222368376601572,1.27690945990194e-06,0.00271213930447384,1.39882794172341,2.99256391023455,0,NaN,NaN,NaN,NaN,NaN,NaN,NaN,NaN,NaN,NaN,0,5.266695,1187238,/home/j/INCSL/IICC26_ws/src/sjtu_drone-ros2/matlab/logs/autosim_launch_s066_20260310_222142.log,
67,stable,1,,1.64143227495163,-1.86916053784979e-06,2.13929187624636,-121.980397155736,3.35198812484741,4.2236213684082,1.56390917555369,0.14211274448005,0.380201786960912,4.38695416215333,0.240475828074336,0.290958083196259,-1.86916053784979e-06,0.00230974942710481,0.000730415657930335,7.5561028745494e-05,0.290958083196259,1.25216459864737e-06,0.00257869752619149,1.02650294033565,1.85778790607061,0,NaN,NaN,NaN,NaN,NaN,NaN,NaN,NaN,NaN,NaN,0,5.03363,1194362,/home/j/INCSL/IICC26_ws/src/sjtu_drone-ros2/matlab/logs/autosim_launch_s067_20260310_222228.log,
68,stable,1,,2.23041638216345,7.25903631290024e-07,1.84418788877639,-120.471687875785,1.93306520581245,2.62546920776367,0.44486456224787,1.69739095349748,0.552267213208967,6.56213202663761,0.231693109597801,0.258514792936669,7.25903631290024e-07,0.00259506625199287,0.000288025605621109,3.16060512123498e-05,0.258514792936669,1.26194223628691e-06,0.00234219556752908,1.39404993011769,2.96456926813023,0,NaN,NaN,NaN,NaN,NaN,NaN,NaN,NaN,NaN,NaN,0,5.229131,1201483,/home/j/INCSL/IICC26_ws/src/sjtu_drone-ros2/matlab/logs/autosim_launch_s068_20260310_222314.log,
69,stable,1,,1.62770793098551,7.25903216287054e-07,1.98227434503707,-118.815632471284,1.64751666784286,2.38471293449402,0.270906627737436,1.09182884289776,0.384553707738191,4.37614758603815,0.223364681333474,0.252727229986561,7.25903216287054e-07,0.00230975416766918,0.00028802544238518,3.16060287802855e-05,0.252727229986561,1.28789081081754e-06,0.00282276155646042,1.02549243408505,1.83947142448201,0,NaN,NaN,NaN,NaN,NaN,NaN,NaN,NaN,NaN,NaN,0,4.773889,1208605,/home/j/INCSL/IICC26_ws/src/sjtu_drone-ros2/matlab/logs/autosim_launch_s069_20260310_222400.log,
70,stable,1,,2.35312877345538,-8.95473638148645e-10,1.89015622586425,-123.159855511628,1.90102052688599,2.40012216567993,0.288944701771556,0.0733115380546197,0.511322012928855,6.59155155193448,0.207706982192291,0.214293089151193,-8.95473638148645e-10,0.000400209305919442,1.05459108684998e-09,2.23914928638698e-09,0.205251313175321,2.89769134856134e-07,0.000572607258057229,1.39321683433452,2.99769255521428,0,NaN,NaN,NaN,NaN,NaN,NaN,NaN,NaN,NaN,NaN,0,5.71405,1215722,/home/j/INCSL/IICC26_ws/src/sjtu_drone-ros2/matlab/logs/autosim_launch_s070_20260310_222446.log,
71,stable,1,,2.34663445252671,-2.23438570757428e-06,2.00039950408053,-120.716124132022,1.59355664253235,3.1871132850647,0.421897989767342,1.77339649943343,0.564706109993242,6.63114546364645,0.236791215791995,0.255365624425159,-2.23438570757428e-06,0.00296029030151223,0.000873203668516614,9.03324696560569e-05,0.255365624425159,1.35122181462854e-06,0.00281808277715006,1.41279524954833,3.00670088519992,0,NaN,NaN,NaN,NaN,NaN,NaN,NaN,NaN,NaN,NaN,0,5.221897,1222847,/home/j/INCSL/IICC26_ws/src/sjtu_drone-ros2/matlab/logs/autosim_launch_s071_20260310_222532.log,
72,stable,1,,2.37785369416428,-2.23438478771268e-06,1.83739905070219,-121.727764904252,1.79051407178243,2.84669470787048,0.336153172523169,1.80144725171208,0.561393676848339,6.52302410482189,0.243360488476424,0.277516014490593,-2.23438478771268e-06,0.00296028879347898,0.00087320330888174,9.03324324502958e-05,0.277516014490593,1.28995297747675e-06,0.00275869364164263,1.40078773617854,2.9337207942319,0,NaN,NaN,NaN,NaN,NaN,NaN,NaN,NaN,NaN,NaN,0,5.226115,1229965,/home/j/INCSL/IICC26_ws/src/sjtu_drone-ros2/matlab/logs/autosim_launch_s072_20260310_222618.log,
73,stable,1,,1.70065574187953,-8.9596615814332e-10,1.77620387229689,-117.832865156267,2.60997023301966,2.75732207298279,3.37398521394198,1.65722848021794,0.138107189203057,4.44326260566088,0.218907421005033,0.653045149801494,-8.9596615814332e-10,0.000449777087068742,9.49017233915836e-10,2.39292567493553e-09,0.129578018116806,0.00102128487476187,0.027490646926431,1.11786443314036,1.98427782158696,0,NaN,NaN,NaN,NaN,NaN,NaN,NaN,NaN,NaN,NaN,0,31.748314,1237085,/home/j/INCSL/IICC26_ws/src/sjtu_drone-ros2/matlab/logs/autosim_launch_s073_20260310_222704.log,
74,unstable,0,touchdown_vz_peak_high,1.99516554156388,-2.23438525115541e-06,1.77693740749085,-123.63065316624,1.50375699996948,3.08033609390259,0.367779714916444,1.49925886891715,0.524506737777133,6.70965611196938,0.270008055510935,0.292716333769047,-2.23438525115541e-06,0.0029602896220045,0.000873203490069424,9.0332451193087e-05,0.292716333769047,1.4354209259867e-06,0.00272915870854206,1.388971761721,3.06257371515828,0,NaN,NaN,NaN,NaN,NaN,NaN,NaN,NaN,NaN,NaN,0,5.243147,1244260,/home/j/INCSL/IICC26_ws/src/sjtu_drone-ros2/matlab/logs/autosim_launch_s074_20260310_222817.log,
75,stable,1,,2.06832289983491,4.40590054548337e-07,1.97093221149881,-121.943181124315,2.22657990455627,2.99624633789062,0.504021379895638,1.51961427817398,0.529600414006736,6.57206088170053,0.239262099587498,0.245749235222927,4.40590054548337e-07,0.00267497547183632,0.000176838683020227,2.30594039127921e-05,0.245749235222927,1.2866815266293e-06,0.0026980334479788,1.37171006797341,3.02359923525176,0,NaN,NaN,NaN,NaN,NaN,NaN,NaN,NaN,NaN,NaN,0,5.205674,1251381,/home/j/INCSL/IICC26_ws/src/sjtu_drone-ros2/matlab/logs/autosim_launch_s075_20260310_222903.log,
76,stable,1,,2.15891953102963,7.25904064413436e-07,1.9075028689535,-122.813621191767,2.84043820699056,3.46921277046204,1.59909304512628,1.96748502781901,0.172976773059801,6.67126532200813,0.251424118448531,0.657844846356139,7.25904064413436e-07,0.00259506611987321,0.000288025778003551,3.16060681316097e-05,0.280464258672712,1.29537709489871e-06,0.00243199680268377,1.38692648509646,3.06795861346744,0,NaN,NaN,NaN,NaN,NaN,NaN,NaN,NaN,NaN,NaN,0,32.229883,1258523,/home/j/INCSL/IICC26_ws/src/sjtu_drone-ros2/matlab/logs/autosim_launch_s076_20260310_222949.log,
77,stable,1,,2.20857285858563,-8.96275136502326e-10,1.90894849737311,-119.745808657761,3.10597328344981,3.93008780479431,0.433744437577439,0.1214684157342,0.514896824128444,6.52414255896293,0.208792613426701,0.216652530619353,-8.96275136502326e-10,0.000610433485138888,7.42537193937099e-10,2.54800022637353e-09,0.216652530619353,2.94477977455931e-07,0.00056995865086037,1.38273876248468,2.95319867618396,0,NaN,NaN,NaN,NaN,NaN,NaN,NaN,NaN,NaN,NaN,0,5.234585,1265696,/home/j/INCSL/IICC26_ws/src/sjtu_drone-ros2/matlab/logs/autosim_launch_s077_20260310_223102.log,
78,unstable,0,roll_high,2.3454249147777,0.114760994585618,2.07398037403861,-116.554512379176,3.08096828063329,3.74911952018738,21.9531953793584,3.85899867303218,0.188183770956161,6.62414068897413,0.227171458448054,0.647683787238565,0.114760994585618,0.0357951724450983,179.999904215875,6.21843776837793,0.330480976646878,0.00620406028061694,0.0844835233171241,1.34415243341586,2.98542335949025,0,NaN,NaN,NaN,NaN,NaN,NaN,NaN,NaN,NaN,NaN,0,32.266569,1272815,/home/j/INCSL/IICC26_ws/src/sjtu_drone-ros2/matlab/logs/autosim_launch_s078_20260310_223148.log,
79,stable,1,,1.86264328963878,-4.00839749423808e-07,1.9648815143215,-119.834070015014,4.09519731998444,4.25622272491455,2.01837371405754,1.42805910079481,0.127774348797317,4.31357606439919,0.200252355334446,0.438019256420059,-4.00839749423808e-07,0.000713735805013226,5.67172689581488e-09,0.000229148628159274,0.242158810367987,3.36756652684068e-07,0.000651552486593578,1.09088271056123,1.78687468642252,0,NaN,NaN,NaN,NaN,NaN,NaN,NaN,NaN,NaN,NaN,0,32.053661,1279995,/home/j/INCSL/IICC26_ws/src/sjtu_drone-ros2/matlab/logs/autosim_launch_s079_20260310_223301.log,
80,stable,1,,1.84657715506902,4.40589592079962e-07,1.95935225919259,-119.13516242978,2.99984582265218,3.62279653549194,0.412086169045253,0.13216427952655,0.364821242726806,4.41613357711186,0.207729178244296,0.239470518302032,4.40589592079962e-07,0.00267497564697304,0.000176838497956607,2.30593787931847e-05,0.239470518302032,1.35441044872378e-06,0.00243199701674136,0.976101187495469,1.82789559609375,0,NaN,NaN,NaN,NaN,NaN,NaN,NaN,NaN,NaN,NaN,0,5.259204,1287171,/home/j/INCSL/IICC26_ws/src/sjtu_drone-ros2/matlab/logs/autosim_launch_s080_20260310_223413.log,
81,unstable,0,roll_high,2.14567053922281,0.111138848553466,2.10235965258715,-113.393146640095,4.91967359342073,5.44267845153809,21.2001034491831,1.43233937902547,0.181049932192535,6.54346496348504,0.171190789166953,0.399783823812816,0.111138848553466,0.0418416582264414,175.912566393073,2.64119066788694e-05,0.213165538880978,0.00251927071326998,0.113536757083838,1.35213446876189,3.06054459624084,0,NaN,NaN,NaN,NaN,NaN,NaN,NaN,NaN,NaN,NaN,0,32.297728,1294289,/home/j/INCSL/IICC26_ws/src/sjtu_drone-ros2/matlab/logs/autosim_launch_s081_20260310_223500.log,
82,stable,1,,1.55540843000373,-6.10002055123184e-07,1.86732840436505,-116.526809942161,2.35452481110891,3.63282179832458,0.416737911072841,0.0968660774586437,0.338492879734548,4.22969443977193,0.196716747122857,0.20438356116867,-6.10002055123184e-07,0.000609104997883446,4.03608568321117e-09,0.000348991059449252,0.204311963918034,2.83954031818174e-07,0.000556048704150225,0.930752846840056,1.73850449766269,0,NaN,NaN,NaN,NaN,NaN,NaN,NaN,NaN,NaN,NaN,0,5.029067,1301462,/home/j/INCSL/IICC26_ws/src/sjtu_drone-ros2/matlab/logs/autosim_launch_s082_20260310_223613.log,
83,stable,1,,2.20151191255109,-5.08060982972954e-07,2.02178551850804,-118.960110861421,3.95897804366218,4.51926803588867,2.1165334007845,2.0454156655905,0.177997915571721,6.64179003529531,0.220873963801526,0.535072118470482,-5.08060982972954e-07,0.000507164896354511,4.03977060704442e-09,0.00029058312597304,0.304430198695253,2.83527808694386e-07,0.000566982755564144,1.39545357201248,3.01312713929318,0,NaN,NaN,NaN,NaN,NaN,NaN,NaN,NaN,NaN,NaN,0,32.289729,1308581,/home/j/INCSL/IICC26_ws/src/sjtu_drone-ros2/matlab/logs/autosim_launch_s083_20260310_223659.log,
84,stable,1,,1.65867254975164,-1.86916121541791e-06,2.0401389447124,-115.669002613559,3.04446272055308,3.67080807685852,0.428207447087852,0.0830131807897975,0.35769786660989,4.36701020806958,0.205495169400519,0.209725298521753,-1.86916121541791e-06,0.00230975067502514,0.000730415922835097,7.55610561906717e-05,0.209725298521753,1.34365088574305e-06,0.00270522658558267,0.963981075409395,1.8053091389558,0,NaN,NaN,NaN,NaN,NaN,NaN,NaN,NaN,NaN,NaN,0,4.789327,1315761,/home/j/INCSL/IICC26_ws/src/sjtu_drone-ros2/matlab/logs/autosim_launch_s084_20260310_223812.log,
85,stable,1,,1.78517258235354,-8.9269205928704e-10,1.93692079365451,-115.089103932968,2.82954912185669,3.66449475288391,1.67043571493427,0.168250091136969,0.395551620074209,4.32781831872056,0.203216937124915,0.206040283269737,-8.9269205928704e-10,0.000495071339360862,2.78217939524181e-09,4.33902038676486e-12,0.206040283269737,2.71447407804765e-07,0.000488860944086377,1.08563966824035,1.78560748377515,0,NaN,NaN,NaN,NaN,NaN,NaN,NaN,NaN,NaN,NaN,0,5.023395,1322878,/home/j/INCSL/IICC26_ws/src/sjtu_drone-ros2/matlab/logs/autosim_launch_s085_20260310_223857.log,
86,stable,1,,1.5665193107024,-1.86916227705916e-06,1.98767277787114,-118.568305923489,2.99337855974833,3.04717302322388,0.343431463890124,0.107957441298537,0.342353727313497,4.19020210440249,0.198895895008068,0.213784032536,-1.86916227705916e-06,0.00230975259006176,0.000730416337893715,7.55610991245053e-05,0.213784032536,1.33776663702088e-06,0.00252067450115857,0.920855022295933,1.71535450913137,0,NaN,NaN,NaN,NaN,NaN,NaN,NaN,NaN,NaN,NaN,0,4.788245,1330000,/home/j/INCSL/IICC26_ws/src/sjtu_drone-ros2/matlab/logs/autosim_launch_s086_20260310_223943.log,
87,stable,1,,1.51428312267727,-5.06158155477924e-07,1.85448227351846,-115.911460018088,2.31407642364502,3.56234788894653,0.360940313835802,0.151582179499809,0.346336222778972,4.39629554129019,0.175176963279108,0.192733227702223,-5.06158155477924e-07,0.000505262086963566,4.04008890360916e-09,0.000289492886829976,0.169707637019862,2.93419357955088e-07,0.000575027358840336,0.971108236676541,1.81863923761143,0,NaN,NaN,NaN,NaN,NaN,NaN,NaN,NaN,NaN,NaN,0,4.770936,1337119,/home/j/INCSL/IICC26_ws/src/sjtu_drone-ros2/matlab/logs/autosim_launch_s087_20260310_224029.log,
88,unstable,0,touchdown_vz_osc_high,2.43439242642631,4.40590573527497e-07,1.86137587595629,-115.841095627455,2.52891966875862,2.83823919296265,1.08990864986225,2.84970072089985,0.18809444311677,6.67480490039453,0.202895070658923,0.490625794442724,4.40590573527497e-07,0.00267497526396411,0.000176838891005547,2.30594304058547e-05,0.438212694799005,0.000230230945729688,0.0125848798086648,1.50263917553327,3.08112688021727,0,NaN,NaN,NaN,NaN,NaN,NaN,NaN,NaN,NaN,NaN,0,32.331704,1344607,/home/j/INCSL/IICC26_ws/src/sjtu_drone-ros2/matlab/logs/autosim_launch_s088_20260310_224115.log,
89,stable,1,,2.16515899133261,-4.90619933204352e-07,1.99190285621703,-115.236396837028,2.69228539201948,3.01966381072998,1.34463800297314,1.3853808172586,0.166792176442186,6.5855367121971,0.19210828096871,0.56253259106587,-4.90619933204352e-07,0.000623960785284776,0.000280590137674366,4.04595327484398e-09,0.0505177050196532,2.55680752472583e-07,0.000552825632072676,1.38844426770435,3.00606220233969,0,NaN,NaN,NaN,NaN,NaN,NaN,NaN,NaN,NaN,NaN,0,32.2892,1351932,/home/j/INCSL/IICC26_ws/src/sjtu_drone-ros2/matlab/logs/autosim_launch_s089_20260310_224228.log,
90,stable,1,,1.79386366713339,-8.92823247141529e-10,2.05902091604301,-114.140156093864,1.19631266593933,2.39262533187866,0.354805982063846,1.18514197111377,0.381905992372508,4.31756977491767,0.223013347134719,0.257801244872161,-8.92823247141529e-10,0.00051186813046339,2.78164920409666e-09,6.06028726508403e-11,0.257801244872161,2.98397901795687e-07,0.000505610322003238,1.08620514890017,1.78363658984027,0,NaN,NaN,NaN,NaN,NaN,NaN,NaN,NaN,NaN,NaN,0,5.486006,1359136,/home/j/INCSL/IICC26_ws/src/sjtu_drone-ros2/matlab/logs/autosim_launch_s090_20260310_224341.log,
91,stable,1,,1.702807891071,-8.95565006245459e-10,2.25085681756932,-114.253822166707,3.28126267592112,3.95011067390442,1.28874596030036,0.263225460960593,0.385387032748114,4.3082009998867,0.269701982727128,0.297432939716163,-8.95565006245459e-10,0.000407922044468783,1.04421911106368e-09,2.26403490612213e-09,0.297432939716163,3.02511758025039e-07,0.000575999490335256,1.01917432135401,1.80376840393735,0,NaN,NaN,NaN,NaN,NaN,NaN,NaN,NaN,NaN,NaN,0,5.0201,1366297,/home/j/INCSL/IICC26_ws/src/sjtu_drone-ros2/matlab/logs/autosim_launch_s091_20260310_224427.log,
92,stable,1,,1.75783781610756,-2.23438414156826e-06,1.93125900985294,-113.728123923314,2.16180170499361,2.62728667259216,1.28845583588492,3.52491736049235,0.137480911295973,4.29921134407146,0.20347786365957,0.446675711492787,-2.23438414156826e-06,0.00296028754875105,0.000873203056273215,9.03324063205452e-05,0.446675711492787,0.00368458764071386,0.038516697604177,1.09870736158921,1.8669692561546,0,NaN,NaN,NaN,NaN,NaN,NaN,NaN,NaN,NaN,NaN,0,32.113653,1373427,/home/j/INCSL/IICC26_ws/src/sjtu_drone-ros2/matlab/logs/autosim_launch_s092_20260310_224513.log,
93,stable,1,,1.98912611099648,-8.93154930940146e-10,2.02244592297071,-115.820210752399,1.92173182964325,2.72615361213684,0.292236127454764,0.0389471117164217,0.518079031100534,6.68966082453261,0.205034849725669,0.207631657932886,-8.93154930940146e-10,0.000549482973290666,2.77936930249192e-09,2.18813649133031e-10,0.207631657932886,2.85165792563158e-07,0.000572652433576109,1.41186678776477,3.04948107507509,0,NaN,NaN,NaN,NaN,NaN,NaN,NaN,NaN,NaN,NaN,0,4.996399,1380598,/home/j/INCSL/IICC26_ws/src/sjtu_drone-ros2/matlab/logs/autosim_launch_s093_20260310_224626.log,
94,stable,1,,1.56100405673534,4.40589896025853e-07,2.00134863438598,-116.022448666907,2.94517014337623,3.44261145591736,1.01586227649457,1.23594962026106,0.10783643106187,4.19083752983919,0.155517304403137,0.288955417893619,4.40589896025853e-07,0.00267497552956816,0.000176838619649749,2.30593949568652e-05,0.126425319876394,1.39243049683602e-06,0.00275386527752787,0.921450850444515,1.71564589237123,0,NaN,NaN,NaN,NaN,NaN,NaN,NaN,NaN,NaN,NaN,0,31.924024,1387718,/home/j/INCSL/IICC26_ws/src/sjtu_drone-ros2/matlab/logs/autosim_launch_s094_20260310_224712.log,
95,stable,1,,1.9865139547177,-1.86916330807447e-06,1.8222977082149,-113.311724035228,1.79959489239587,2.15324974060059,0.507460387292563,0.568577454288792,0.357593254987511,6.62830203123371,0.210793137701094,0.349616881132361,-1.86916330807447e-06,0.00230975442621423,0.000730416740973822,7.55611407816657e-05,0.0645519096863942,1.42376564668461e-06,0.00274888422154607,1.40194945434792,3.0168927434939,0,NaN,NaN,NaN,NaN,NaN,NaN,NaN,NaN,NaN,NaN,0,10.270852,1394894,/home/j/INCSL/IICC26_ws/src/sjtu_drone-ros2/matlab/logs/autosim_launch_s095_20260310_224825.log,
96,stable,1,,2.2028304003422,-2.46307725890439e-07,1.97781812819627,-114.52166714696,1.28775376081467,2.05513644218445,0.417195855668405,1.81865507535868,0.507598223873754,6.6024349760159,0.184243361173243,0.221691514430966,-2.46307725890439e-07,0.000256487888123459,0.000149625192037717,5.62627463066201e-06,0.0584122913405388,1.32072943244035e-07,0.000252571890318279,1.39434569002068,3.03828518735812,0,NaN,NaN,NaN,NaN,NaN,NaN,NaN,NaN,NaN,NaN,0,6.227828,1402023,/home/j/INCSL/IICC26_ws/src/sjtu_drone-ros2/matlab/logs/autosim_launch_s096_20260310_224916.log,
97,stable,1,,1.73191429965657,-1.86916295798798e-06,1.84847057739295,-116.145839673518,1.83664575219154,2.60227465629578,1.38635483913022,0.165690947176108,0.395596377630355,4.54299660589523,0.26522484981312,0.288928794109001,-1.86916295798798e-06,0.0025950663252297,0.000730416604103528,7.55611265990861e-05,0.288928794109001,1.3982654416292e-06,0.00267059925540115,1.07439230378413,1.87071806454846,0,NaN,NaN,NaN,NaN,NaN,NaN,NaN,NaN,NaN,NaN,0,5.012061,1409187,/home/j/INCSL/IICC26_ws/src/sjtu_drone-ros2/matlab/logs/autosim_launch_s097_20260310_225003.log,
98,unstable,0,touchdown_vz_peak_high,2.20349765453538,-1.86916341418347e-06,2.1183048606677,-111.321111932035,1.72417511258807,2.13914275169373,0.572283437580299,1.31394941181709,0.364131322095209,6.74806821733207,0.202852554405429,0.248824225180361,-1.86916341418347e-06,0.00230975461283775,0.000730416782456702,7.55611450622608e-05,0.227789142180482,1.29571458310438e-06,0.00275386472705022,1.40220304333228,3.12632906063494,0,NaN,NaN,NaN,NaN,NaN,NaN,NaN,NaN,NaN,NaN,0,11.394408,1416309,/home/j/INCSL/IICC26_ws/src/sjtu_drone-ros2/matlab/logs/autosim_launch_s098_20260310_225049.log,
99,stable,1,,1.74792953569137,4.4059123740783e-07,1.95189422766454,-111.812974525071,1.39281635814243,1.91526734828949,0.509187272088783,1.32042194087699,0.257306396190685,4.2195163080192,0.242750953619688,0.366945203919894,4.4059123740783e-07,0.00267497500954954,0.000176839156761148,2.30594660093095e-05,0.136033680952166,1.39262960075273e-06,0.00287809748544134,1.05904897017686,1.743582890165,0,NaN,NaN,NaN,NaN,NaN,NaN,NaN,NaN,NaN,NaN,0,11.240021,1423438,/home/j/INCSL/IICC26_ws/src/sjtu_drone-ros2/matlab/logs/autosim_launch_s099_20260310_225141.log,
100,unstable,0,touchdown_vz_peak_high,2.24948236556248,-8.93279451358274e-10,2.05723428331393,-113.516046296259,1.08490106463432,1.11702740192413,0.130408960910964,0.0225962445149748,0.507963995197243,6.70842433523711,0.212069597935792,0.212069597935792,-8.93279451358274e-10,0.000566531753934811,2.76621582306382e-09,2.86899304908752e-10,0.212069597935792,2.89199027344102e-07,0.000548436682417597,1.41459882671897,3.06440900811582,0,NaN,NaN,NaN,NaN,NaN,NaN,NaN,NaN,NaN,NaN,0,5.736671,1430580,/home/j/INCSL/IICC26_ws/src/sjtu_drone-ros2/matlab/logs/autosim_launch_s100_20260310_225233.log,
